nama_rumah_sakit,jenis_rumah_sakit,alamat,kelurahan,kecamatan,kabupaten_kota,kode_pos,nomor_telepon,nomor_fax,alamat_email,alamat_website,jumlah_tempat_tidur_kelas_vvip,jumlah_tempat_tidur_kelas_vip,jumlah_tempat_tidur_kelas_eksekutif,jumlah_tempat_tidur_kelas_kelas_1,jumlah_tempat_tidur_kelas_kelas_2,jumlah_tempat_tidur_kelas_kelas_3,jumlah_tempat_tidur_kelas_perinatal,jumlah_tempat_tidur_ruang_icu,jumlah_tempat_tidur_ruang_picu,jumlah_tempat_tidur_ruang_nicu,jumlah_tempat_tidur_ruang_hcu,jumlah_tempat_tidur_ruang_iccu,jumlah_tempat_tidur_ruang_igd,jumlah_tempat_tidur_ruang_isolasi,jumlah_tempat_tidur_ruang_1_day_care,jumlah_tempat_tidur_ruang_operasi,jumlah_tempat_tidur_kamar_bersalin,jumlah_tempat_tidur_kelas_hemodialisa,jumlah_tempat_tidur_ruang_anak,jumlah_tempat_tidur_non_kelas,jumlah_tempat_tidur_lain_lain,total_tempat_tidur
Budi Kemuliaan ,Rumah Sakit Umum,Jalan  Budi Kemuliaan  Nomor 25 ,Gambir,Gambir,Jakarta Pusat,10110,(021) 3842828,(021) 3501012,rsbbudi@indo.net.id,www.rsiabudikemiaan.com,3,9,17,16,23,36,31,  ,  ,6,7,  ,15,2,  ,2,20,  ,53,  ,  ,240
Sahid Sahirman,Rumah Sakit Umum,Jl. Jenderal Sudirman Kavling 86,Karet Tengsin,Tanah Abang,Jakarta Pusat,10220,(021) 5704591 / 5703231,(021) 5705505 / 5727213,information@ssmh.co.id,www.ssmh.co.id,3,18,,6,8,  ,1,2,  ,  ,2,1,5,  ,2,3,1,3,  ,  ,  ,55
PGI Cikini,Rumah Sakit Umum,Jl. Raden Saleh No. 40 ,Cikini,Menteng,Jakarta Pusat,10330,(021) 38997777,(021) 38997778 / 31924663,mail@rscikini.com,www.rscikini.com,37,26,,54,92,80,2,10,4,  ,4,  ,11,12,4,5,2,24,34,  ,  ,401
Menteng Mitra Afia,Rumah Sakit Umum,Jl. Kali Pasir  No. 9 RT.014 / RW.010,Kebon Sirih,Menteng,Jakarta Pusat,10340,(021) 3154050,(021) 3146309,rsmmitraafia@gmail.com,,,,,,,,,,,,,,,,,,,,,,,0
Abdi Waluyo,Rumah Sakit Umum,Jalan  HOS Cokroaminoto  Nomor 31-33,Gondangdia,Menteng,Jakarta Pusat,10350,(021) 3144989,(021) 31930866,info@abdiwaluyo.com,www.abdiwaluyo.com,,6,,8,13,19,2,2,  ,  ,4,  ,5,3,  ,2,2,6,  ,  ,4,76
Bunda Jakarta,Rumah Sakit Umum,Jalan  Teuku Cik Ditiro  Nomor 21,Gondangdia,Menteng,Jakarta Pusat,10350,(021) 31923939 / 31923344,(021) 31905546,bundahospital@bunda.co.id,,,,,,,,,,,,,,,,,,,,,,,0
YPK Mandiri,Rumah Sakit Umum,Jalan  Gereja Theresia  Nomor 22,Gondangdia,Menteng,Jakarta Pusat,10350,(021) 3909725,(021) 3909806,marketing@rsiaypkmandiri.com,www.rsiaypkmandiri.com,4,13,8,2,4,12,20,  ,  ,  ,2,  ,3,1,  ,3,4,  ,  ,  ,  ,76
Kramat 128,Rumah Sakit Umum,Jalan  Kramat Raya  Nomor 128  RT.001 / RW.08,Kenari,Senen,Jakarta Pusat,10430,(021) 3909513  / 3909514,(021) 3909125,dyah.agustina.w@gmail.com ,,,,,,,,,,,,,,,,,,,,,,,0
PK. St. Carolus ,Rumah Sakit Umum,Jl. Salemba Raya No. 41,Paseban,Senen,Jakarta Pusat,10440,(021) 3904441,(021) 3103226,humas@rscarolus.or.id,www.rscarolus.or.id,11,43,,31,103,83,3,7,3,2,8,  ,9,5,  ,5,9,22,  ,  ,14,358
Moh. Husni Thamrin Salemba,Rumah Sakit Umum,Jl. Salemba Tengah 26 - 28,Paseban,Senen,Jakarta Pusat,10440,(021) 3904422 Ext.1900  /1919,(021) 3107816-2305182,info@thamrinhospital.com,www.thamrinhospital.com,3,12,7,43,43,35,3,4,2,1,22,2,6,  ,  ,2,3,7,  ,  ,  ,195
Islam Jakarta Cempaka Putih,Rumah Sakit Umum,Jl. Cempaka Putih Tengah I / 1,Cempaka Putih Timur,Cempaka Putih,Jakarta Pusat,10510,(021) 42801567-4250451,(021) 4206681,rsijpusat@rsi.co.id,,,,,,,,,,,,,,,,,,,,,,,0
YARSI,Rumah Sakit Umum,Jalan  Letjen Soeprapto,Cempaka Putih Timur,Cempaka Putih,Jakarta Pusat,10510,,,,,,,,,,  ,  ,  ,  ,  ,  ,  ,  ,  ,  ,  ,  ,  ,  ,  ,150,150
Evasari,Rumah Sakit Umum,Jalan  Rawamangun  Nomor 47,Rawasari,Cempaka Putih,Jakarta Pusat,10570,(021) 4202851-4,(021) 4209725,mkt.jkt@awalbros.com,www.evasari-jakarta.awalbros.com,8,3,8,10,4,13,4,2,3,4,3,  ,6,1,  ,2,2,6,10,  ,  ,89
Hermina Kemayoran,Rumah Sakit Umum,Jalan Selangit Blok B-10 Kav. No.4,Gunung Sahari Selatan,Kemayoran,Jakarta Pusat,10610,(021) 22602525,,podomoro@rsiahermina.com,,,,,,,,,,,,,,,,,,,,,,,0
Mitra Kemayoran,Rumah Sakit Umum,Jl. Landas Pacu Timur,Kebon Kosong,Kemayoran,Jakarta Pusat,10630,(021) 6545555,(021) 6545959,kemayoran@mitrakeluarga.com,www.mitrakemayoran.com,,4,36,30,26,35,4,7,  ,3,6,  ,  ,4,  ,  ,,5,  ,  ,  ,160
Husada ,Rumah Sakit Umum,Jl. Raya Mangga Besar Raya 137 - 139,Mangga Dua Selatan,Sawah Besar,Jakarta Pusat,10730,(021) 6260208 - 6490090,(021) 6497494,husada@husada.co.id ,,,,,,,,,,,,,,,,,,,,,,,0
Prof  Nizar ,Rumah Sakit Khusus Telinga Hidung Tenggorokan,Jalan  Kesehatan Raya  Nomor 9,Petojo Selatan,Gambir,Jakarta Pusat,10160,(021) 3843598-3503435,(021) 34834982,rsprofnizar@yahoo.co.id,,,,1,1,4,3,  ,  ,  ,  ,1,  ,3,  ,  ,1,  ,  ,  ,  ,1,15
Bina Estetika,Rumah Sakit Khusus Bedah,Jalan  Teuku Cik Ditiro  Nomor 41,Menteng,Menteng,Jakarta Pusat,10310,(021) 3909393,(021) 3155258,rsbe_binaestetika@yahoo.com,rsbinaestetika.com,,3,,12,,6,  ,  ,  ,  ,2,  ,2,  ,  ,,,  ,,  ,,25
Jakarta Eye Center Menteng,Rumah Sakit Khusus Mata,Jalan  Teuku Cik Ditiro  Nomor 46,Menteng,Menteng,Jakarta Pusat,10310,(021) 29221000,(021) 3904601,jec@jec.co.id,www.jec.co.id,2,1,,4,6,5,  ,  ,  ,  ,  ,  ,  ,  ,  ,,,  ,,  ,,18
Proklamasi,Rumah Sakit Khusus Telinga Hidung Tenggorokan,Jalan  Proklamasi  Nomor 43 ,Pegangsaan,Menteng,Jakarta Pusat,10320,(021) 3900002,(021) 3900947,admin@rs-proklamasi.co.id,www.rs-proklamasi.co.id,1,5,,6,6,8,  ,  ,  ,  ,1,  ,1,  ,  ,4,  ,  ,  ,  ,  ,32
Tambak,Rumah Sakit Khusus Ibu dan Anak,Jl. Tambak No. 18,Pegangsaan,Menteng,Jakarta Pusat,10320,(021) 2303444,(021) 3902550,we_care@rsiatambak.com,www.rsiatambak.com,1,3,4,6,4,11,20,  ,2,2,  ,  ,4,1,  ,2,4,  ,9,  ,  ,73
Bunda Jakarta,Rumah Sakit Khusus Ibu dan Anak,Jl. Teuku Cik Ditiro No. 28,Gondangdia,Menteng,Jakarta Pusat,10350,(021) 3909692,(021) 3101077,bundahospital@bunda.co.id,,,,,,,,,,,,,,,,,,,,,,,0
FKG Universitas Indonesia,Rumah Sakit Khusus Gigi & Mulut,Jl. Salemba Raya No.4,Kenari,Senen,Jakarta Pusat,10430,(021) 213916858,,rsgm_fkgui@yahoo.com,,,,,,,  ,  ,  ,  ,  ,1,  ,1,  ,3,5,  ,  ,  ,  ,  ,10
Salemba Satu Medika,Rumah Sakit Khusus Bedah,Jl. Salemba I  No. 11 - 13,Paseban,Senen,Jakarta Pusat,10430,(021) 3913336,(021) 3926687,info@ssmedika.co.id,www.ssmedika.co.id,2,2,,4,4,10,  ,  ,  ,  ,11,  ,1,  ,  ,  ,  ,  ,  ,  ,  ,34
Yarsi,Rumah Sakit Khusus Gigi & Mulut,Jl. Letjen Suprapto Kav. 13,Cempaka Putih Timur,Cempaka Putih,Jakarta Pusat,10510,(021) 29287264,(021) 29287261,rsgmyarsi@rsgmyarsi.com,www.rsgmyarsi.com,,1,,2,,  ,  ,  ,  ,  ,  ,  ,4,  ,  ,1,  ,  ,  ,  ,  ,8
Islam Jakarta Sukapura,Rumah Sakit Umum,Jl. Tipar - Cakung No. 5,Sukapura,Cilincing,Jakarta Utara,14140,(021) 4400778 / 4400779 / 4400781,(021) 4400782 / 44832228,rsijsukapura@gmail.com,www.rsijsukapura@.co.id,,3,4,12,36,82,7,2,  ,  ,3,  ,  ,6,  ,  ,  ,  ,,  ,,155
Firdaus,Rumah Sakit Umum,Jalan Siak J 5 No. 14 - Komplek Bea Cukai,Sukapura,Cilincing,Jakarta Utara,14140,(021) 4407322,(021) 4400063,tiar63@yahoo.co.id,,,,,,,,,,,,,,,,,,,,,,,0
Mitra Keluarga Kelapa Gading,Rumah Sakit Umum,Jl. Bukit Gading Raya Kav. II,Kelapa Gading Barat,Kelapa Gading,Jakarta Utara,14240,(021) 45852700,(021) 45852727,kelapagading@mitrakeluarga.com,www.mitrakeluarga.com,4,37,4,18,30,26,4,4,4,4,7,5,10,3,  ,4,2,7,  ,4,1,178
Gading Pluit,Rumah Sakit Umum,Jl. Boulevard Timur Raya RT. 006 / 02,Pegangsaan Dua,Kelapa Gading,Jakarta Utara,14250,(021) 4521001 / 4520201,(021) 4520578,gadingpluit@gadingpluit-hospital.com,,10,29,2,33,28,22,  ,4,1,1,10,  ,9,2,7,4,5,6,12,  ,  ,185
Mulyasari,Rumah Sakit Umum,Jl. Raya Plumpang Semper No. 19,Tugu Utara,Koja,Jakarta Utara,14260,(021) 4393111 / 43939999,(021) 43934369,info.rsmulyasari@gmail.com ,,,,,,,,,,,,,,,,,,,,,,,0
Port Medical Center,Rumah Sakit Umum,Jl. Enggano No. 10,Tanjung Priok,Tanjung Priok,Jakarta Utara,14310,(021) 43902350,(021) 43902302,rekamedis_pmc@yahoo.com,,,6,,5,18,11,3,2,  ,  ,  ,  ,4,2,  ,2,1,  ,  ,  ,  ,54
Sukmul Sisma Medika,Rumah Sakit Umum,Jl. Tawes No. 18-20 ,Tanjung Priok,Tanjung Priok,Jakarta Utara,14310,(021) 4301269,(021) 4301272,sriha36@gmail.com,,,,,,,,,,,,,,,,,,,,,,,0
Puri Medika,Rumah Sakit Umum,Jl. Sungai Bambu Raya  No. 5,Sungai Bambu,Tanjung Priok,Jakarta Utara,14330,(021) 43903355-43901273,(021) 43903388,marketing.purimedika@gmail.com ,,,,,,,,,,,,,,,,,,,,,,,0
Hermina Podomoro,Rumah Sakit Umum,Jalan Danau Agung 2 Blok E3 Nomor 28-30,Sunter Agung,Tanjung Priok,Jakarta Utara,14350,(021) 6404910,(021) 6518720,,www.herminahospitalgroup.com,,7,,14,15,18,9,4,1,3,  ,  ,5,4,  ,1,4,  ,10,  ,  ,95
Satya Negara,Rumah Sakit Umum,Jl. Agung Utara Raya Blok A No. 1,Sunter Agung,Tanjung Priok,Jakarta Utara,14350,(021) 65836583 / 64715200 / 64715900,(021) 687813-64717813,hrd@rssatyanegara.com ,,,,,,,,,,,,,,,,,,,,,,,0
Royal Progress,Rumah Sakit Umum,Jl. Danau Sunter Utara Blok F 25 No. 12,Sunter Agung,Tanjung Priok,Jakarta Utara,14350,(021) 6459877-6400261,(021) 6400778,info@royalprogress.com,,,,,,,,,,,,,,,,,,,,,,,0
Atma Jaya,Rumah Sakit Umum,Jl. Pluit Raya No. 2,Pejagalan,Penjaringan,Jakarta Utara,14440,(021) 6606121  / 6606127,(021) 6606122,rsatmajaya@pdpersi.co.id,www.rsatmajaya.co.id,,7,,13,26,72,  ,3,1,1,  ,  ,9,6,  ,4,  ,4,10,  ,  ,156
Pluit,Rumah Sakit Umum,Jl. Raya Pluit Selatan No. 2,Penjaringan,Penjaringan,Jakarta Utara,14440,(021) 6685006 - 6685070,(021) 6684878,pluithospital@pluit-hospital.com,www.pluit-hospital.com,12,46,2,30,12,30,20,8,3,3,16,  ,11,2,2,4,  ,4,15,  ,,220
Duta Indah,Rumah Sakit Umum,Jalan  Teluk Gong Raya  Nomor 12,Pejagalan,Penjaringan,Jakarta Utara,14450,(021) 66676188,(021) 666676190,info@rsdutaindah.com,www.rsdutaindah.com,,4,,4,8,10,2,2,  ,  ,  ,  ,5,  ,5,2,  ,  ,4,  ,  ,46
Pantai Indah Kapuk,Rumah Sakit Umum,Jalan  Pantai Indah Utara 3 Sektor Utara Timur Blok T,Kapuk Muara,Penjaringan,Jakarta Utara,14460,(021) 5880911,(021) 5880910,pr@pikhospital.co.id ,,,,,,,,,,,,,,,,,,,,,,,0
JEC Primasana,Rumah Sakit Khusus Mata,Jalan Kebon Bawang Raya Nomor 1,Kebon Bawang,Tanjung Priok,Jakarta Utara,14320,(021) 4367090,(021) 4367124,,,,1,2,6,6,12,  ,  ,  ,  ,  ,  ,  ,  ,  ,,,  ,,  ,  ,27
Santo Yusuf,Rumah Sakit Khusus Ibu dan Anak,Jl. Ganggeng Raya No.9,Sungai Bambu,Tanjung Priok,Jakarta Utara,14330,(021) 43931880,(021) 4361330,rsiastyusuf@gmail.com,www.rsiastyusuf.com,,,,2,7,9,  ,  ,  ,  ,3,  ,4,  ,  ,  ,  ,  ,  ,  ,  ,25
Family,Rumah Sakit Khusus Ibu dan Anak,Pluit Mas I Blok A No. 2A - 5A,Pejagalan,Penjaringan,Jakarta Utara,14450,(021) 6695639,(021) 6615563,sekretariat@rsiafamily.com ,,,,,,,,,,,,,,,,,,,,,,,0
Grand Family,Rumah Sakit Khusus Ibu dan Anak,Jl. Pantai Indah Selatan I Komp. Elang Laut Boulevard Kav.I,Kamal Muara,Penjaringan,Jakarta Utara,14470,(021) 29673777 / 29673737,(021) 29673732,sekretaris@rsiagrandfamily.com,rsiagrangfamily.com,2,12,,25,2,10,35,  ,3,6,2,  ,3,1,  ,3,9,  ,  ,  ,  ,113
Bhakti Mulia,Rumah Sakit Umum,Jl. Aipda K. S. Tubun No. 79,Slipi - Petamburan,Pal Merah,Jakarta Barat,11410,(021) 5481625 / 5481262 / 08041100079,(021) 5331544,rs.bhaktimulia@yahoo.co.id,www.rsbhaktimulia.com,1,,5,10,12,26,20,  ,  ,  ,1,  ,5,4,  ,3,3,  ,10,  ,  ,100
Sumber Waras ,Rumah Sakit Umum,Jl. Kyai Tapa No. 1,Tomang,Grogol Petamburan,Jakarta Barat,11440,(021) 5682011-5663726,(021) 5673122,bambang.heri@gmail.com ,,,,,,,,,,,,,,,,,,,,,,,0
Ibnu Sina,Rumah Sakit Umum,Jalan  Dr. Nurdin 1  Nomor 3  RT.008 / RW.07,Grogol,Grogol Petamburan,Jakarta Barat,11450,(021) 5670139,(021) 5670118,rsia.ibnusina@gmail.com,,,,,,,,,,,,,,,,,,,,,,,0
Royal Taruma,Rumah Sakit Umum,Jl. Daan Mogot  No. 34,Tanjung Duren Utara,Grogol Petamburan,Jakarta Barat,11470,(021) 56958338 / 56967788,(021) 56958589,direksi@rs-royaltaruma.com,www.rs-royaltaruma.com,4,14,,31,34,63,3,3,1,1,4,  ,9,5,5,4,4,5,16,  ,  ,206
Patria IKKT,Rumah Sakit Umum,Jalan Cendrawasih Nomor 1 Komp.Dep.Han,,,,,,,,,,,,,,,,,,,,,,,,,,,,,,0
Bina Sehat Mandiri ,Rumah Sakit Umum,Jalan  Duri Raya  Nomor 22,Duri Kepa,Kebon Jeruk,Jakarta Barat,11510,(021) 5658870 / 5669411 - 12,(021) 5603531,rsiabsm@yahoo.co.id ,,,,,,,,,,,,,,,,,,,,,,,0
Cendana / Puri Mandiri Kedoya (nama lama),Rumah Sakit Umum,Jl. Kedoya Raya / Al-Kamal No. 2,Kedoya Selatan,Kebon Jeruk,Jakarta Barat,11520,(021) 5802126  / 5828299,(021) 5816185  / 5828499,custmerservica@rspurimandirikedoya.com,,2,3,,8,16,21,5,5,  ,  ,2,  ,10,  ,4,  ,  ,8,  ,  ,  ,84
Grha Kedoya,Rumah Sakit Umum,Jl. Panjang Arteri 26,Kedoya Utara,Kebon Jeruk,Jakarta Barat,11520,(021) 56982222 / 29910999,(021) 56982233,info@grhakedoya.com,www.grhakedoya.com,6,89,1,24,12,50,18,6,1,4,3,2,10,2,2,4,9,18,27,  ,  ,288
Siloam Kebon Jeruk,Rumah Sakit Umum,Jalan  Raya Pejuangan  Kavling 8,Kebun Jeruk,Kebon Jeruk,Jakarta Barat,11530,(021) 5300887  / 8  / 9  / 25677888,(021) 5321766,info@siloamhospitals.com,www.siloamhospital.com,5,45,,26,29,43,  ,7,  ,8,3,4,9,4,3,5,  ,21,  ,  ,  ,212
Anggrek Mas,Rumah Sakit Umum,Jalan  Anggrek  Nomor 2 B  RT.009 / RW.02,Kelapa Dua,Kebon Jeruk,Jakarta Barat,11550,(021) 5305720  / 53672017  / 53672018,(021) 53672019,rsanggrekmas@gmail.com,www.rsanggrekmas.com,,2,,6,6,12,24,  ,  ,  ,2,  ,3,2,1,2,2,  ,5,  ,,67
Medika Permata Hijau,Rumah Sakit Umum,Jl. Raya Kebayoran Lama No. 64 ,Sukabumi Selatan,Kebon Jeruk,Jakarta Barat,11560,(021) 5347411 - 5305288,(021) 5305291,mph-mkt@rad.net.id ,,,,,,,,,,,,,,,,,,,,,,,0
Pondok Indah - Puri Indah,Rumah Sakit Umum,Jalan  Puri Indah Raya  Blok S-2,Kembangan Selatan,Kembangan,Jakarta Barat,11610,(021) 25695222 / 25695200,(021) 25695202 / 5,rspi@rspondokindah.co.id,www.rspondokindah.co.id,2,40,,20,15,27,10,5,  ,2,  ,  ,15,4,  ,3,7,5,  ,  ,  ,155
Cinta Kasih Tzu Chi,Rumah Sakit Umum,Jalan  Kamal Raya  Outer Ring Road,Cengkareng Timur,Cengkareng,Jakarta Barat,11730,(021) 55956850,(021) 55951985 / 55963681,rskb_tzuchi@yahoo.com ,,,,,,,,,,,,,,,,,,,,,,,0
Ciputra Citra Garden City,Rumah Sakit Umum,Jl. Boulevard Blok G-01/01 Citra 5 Garden City,Pegadungan,Kalideres,Jakarta Barat,11830,,(021) 22557878,sekretariat.cgc@ciputrahospital.com,www.ciputrahospital.com,,23,44,28,69,99,2,1,1,1,2,1,12,2,3,3,2,4,4,  ,12,313
Hermina Daan Mogot,Rumah Sakit Umum,Jl. Kintamani Raya No. 2,,,,,,,,,,,,,,,,,,,,,,,,,,,,,,0
Mitra Keluarga Kalideres,Rumah Sakit Umum,Jalan Peta Selatan Nomor 1 RT.007/RW.011,Kalideres,Kalideres,Jakarta Barat,11840,,,kalideres@mitrakeluarga.com,www.mitrakeluarga.com,1,8,6,12,18,31,3,2,  ,2,  ,  ,10,2,  ,2,3,2,  ,  ,3,105
Aries,Rumah Sakit Khusus Ibu dan Anak,Jalan Tanah Sereal V11 Nomor 9 RT.010/RW.012,Tanah Sereal,Tambora,Jakarta Barat,11210,(021) 6496524 - 6497506 - 6396393,(021) 6497506 - 6591410,rsia_aries@yahoo.com,,,1,1,4,4,15,3,  ,  ,1,1,  ,2,  ,1,  ,  ,  ,  ,  ,  ,33
FKG Universitas Trisakti,Rumah Sakit Khusus Gigi & Mulut,Jl. Kyai Tapa No. ,Tomang,Grogol Petamburan,Jakarta Barat,11440,,,rsgmfkgusakti@gmail.com,,,,,,,2,  ,  ,  ,  ,  ,  ,  ,  ,  ,,,  ,,  ,,2
Jakarta Eye Center Kedoya,Rumah Sakit Khusus Mata,Jl. Terusan Arjuna Utara 1 No.1,Kedoya Selatan,Kebon Jeruk,Jakarta Barat,11530,(021) 29221000,(021) 25696060,jec@jec.co.id,www.jec.co.id,1,4,,2,6,4,  ,  ,  ,  ,  ,  ,2,1,8,5,  ,  ,  ,  ,  ,33
Muhammadiyah Taman Puring,Rumah Sakit Umum,Jl. Gandaria I / 20,Kramat Pela,Kebayoran Baru,Jakarta Selatan,12130,(021) 7208358 / 7250243,(021) 7234823,rsiamtp@rsiamtp.com,www.rsiamtp.com,,6,,14,16,23,10,1,  ,  ,2,  ,3,1,3,2,4,  ,8,  ,  ,93
Gandaria,Rumah Sakit Umum,Jl. Gandaria Tengah II No. 6 - 14,Kramat Pela,Kebayoran Baru,Jakarta Selatan,12140,(021) 7250718-7203311,(021) 7248175 - 7222038,rsgandaria@gmail.com,wahjuda@yahoo.com,5,5,,10,12,8,2,2,  ,1,  ,  ,7,1,2,2,1,  ,3,  ,8,69
Kartini,Rumah Sakit Umum,Jalan  Ciledug Raya  Nomor 94 - 96,Cipulir,Kebayoran Lama,Jakarta Selatan,12230,(021) 7245646  / 7207828,(021) 72792194  / 7230703,cs@rskartini.co.id ,,,,,,,,,,,,,,,,,,,,,,,0
Yadika Kebayoran Lama,Rumah Sakit Umum,Jalan  Ciputat Raya  Nomor 5,Kebayoran Lama Selatan,Kebayoran Lama,Jakarta Selatan,12240,(021) 7291074 / 7291077,(021) 72895046,rsyadika@yahoo.com,,1,4,,6,3,17,10,1,1,1,1,  ,6,1,  ,2,3,  ,12,  ,  ,69
Petukangan,Rumah Sakit Umum,Jalan  Ciledug Raya  Nomor 8 A,Petukangan Selatan,Pesanggrahan,Jakarta Selatan,12270,(021) 7340906 / 7353969,(021) 73889956,petukanganmedicalcentre@gmail.com,www.rspetukangan.co.id,,3,,6,3,10,1,  ,  ,  ,  ,  ,5,  ,  ,1,2,  ,  ,  ,  ,31
Pondok Indah - Pondok Indah,Rumah Sakit Umum,Jl. Metro Duta Kav. UE,,,,,,,,,,,,,,,,,,,,,,,,,,,,,,0
Setia Mitra,Rumah Sakit Umum,Jl. RS Fatmawati No. 80 - 82,Cilandak Barat,Cilandak,Jakarta Selatan,12430,(021) 7656000,(021) 7656875,dwilaras_p@yahoo.com,,,,,,,,,,,,,,,,,,,,,,,0
Siloam TB Simatupang,Rumah Sakit Umum,Jl. RA. Kartini No.8,Cilandak Barat,Cilandak,Jakarta Selatan,12430,(021) 29531900,(021) 759169900,irna.hardiawan@siloamhospitals.com ,,,,,,,,,,,,,,,,,,,,,,,0
Mayapada,Rumah Sakit Umum,Jl. Lebak Bulus I  RT.006 / RW.004,Cilandak Barat,Cilandak,Jakarta Selatan,12440,,(021) 29216666,hospital@mayapadahospital.com,www.mayapadahospital.com,4,27,1,36,16,11,13,9,6,6,4,44,15,7,13,7,2,10,  ,  ,  ,231
Prikasih,Rumah Sakit Umum,Jl. RS. Fatmawati No. 74  RT.005 / RW.01,Pondok Labu,Cilandak,Jakarta Selatan,12450,(021) 7501192 / 7504669,(021) 7505148,prikasih@cbn.net.id, www.rsprikasih.com ,,3,,25,38,49,15,2,  ,  ,4,  ,10,4,  ,5,  ,  ,  ,  ,  ,155
Siaga Raya,Rumah Sakit Umum,Jalan  Siaga Raya  Kavling 4 - 8,Pejaten Barat,Pasar Minggu,Jakarta Selatan,12510,(021) 7972750-7972790,(021) 7970494  / 7970627,sekretariat.rssr@gmail.com,www.rssiagaraya.com,2,10,,6,7,15,  ,  ,  ,  ,2,  ,5,1,  ,3,1,  ,4,  ,  ,56
Aulia,Rumah Sakit Umum,Jl. Jeruk Raya No. 15 RT. 0011 / RW. 01,Jagakarsa,Jagakarsa,Jakarta Selatan,12620,(021) 7270208 - 7867847 - 08161133646,(021) 7867847 / 7866057,rsia_aulia@yahoo.co.id,www.rsiaaulia.com,1,7,4,9,15,19,8,  ,  ,  ,1,  ,4,1,  ,3,4,  ,,  ,,76
Ali Sibroh Malisi,Rumah Sakit Umum,Jalan Warung Silah Nomor 1 RT.008/RW.05,Cipedak,Jagakarsa,Jakarta Selatan,12630,,(021) 78885063,md_azri@yahoo.com,,1,3,,16,11,24,1,  ,  ,  ,3,  ,4,2,  ,2,2,  ,  ,  ,  ,69
Andhika,Rumah Sakit Umum,Jalan Warung Sila Nomor 8 RT.006 / RW.04,Ciganjur,Jagakarsa,Jakarta Selatan,12630,(021) 7863408 / 78887087,(021) 7874612,rsia_andhika@yahoo.com ,,,,,,,,,,,,,,,,,,,,,,,0
Zahirah,Rumah Sakit Umum,Jl. Sirsak No. 21,Jagakarsa,Jagakarsa,Jakarta Selatan,12690,(021) 7872210 / 78888723,(021) 7270013,marketing@rszahirah.com,,,,,,,,,,,,,,,,,,,,,,,0
Jakarta Medical Center,Rumah Sakit Umum,Jl. Warung Buncit Raya No. 15,Kalibata,Pancoran,Jakarta Selatan,12740,(021) 7985177-7980888,(021) 7940838,rs_jmc@yahoo.com,,2,3,11,8,12,15,9,4,1,2,4,  ,14,1,2,2,5,1,  ,  ,34,130
Siloam Asri,Rumah Sakit Umum,Jalan Duren Tiga Raya Nomor 20  RT.004 / RW.01,Duren Tiga,Pancoran,Jakarta Selatan,12760,(021) 27837900,(021) 27837999,sekretariat.shart@siloamhospitals.com,,2,11,1,10,9,14,2,3,  ,  ,1,  ,9,1,  ,4,3,8,  ,  ,  ,78
Tria Dipa,Rumah Sakit Umum,Jl. Raya Pasar Minggu No. 3 A,Pancoran,Tebet,Jakarta Selatan,12780,(021) 7974071-73,(021) 7974074,customer@rs-triadipa.com,,,8,,8,14,28,7,2,  ,  ,  ,  ,6,  ,  ,2,2,  ,  ,  ,  ,77
Tebet,Rumah Sakit Umum,Jl. Let. Jend. MT. Haryono Kav.13,Pancoran,Tebet,Jakarta Selatan,12810,(021) 8307540,(021) 8311760,marketing@rstebet.com,,3,6,4,14,19,16,1,4,  ,  ,  ,  ,11,4,  ,2,1,8,4,  ,  ,97
Jakarta,Rumah Sakit Umum,Jl. Jend. Sudirman Kav. 49 ,Karet Semanggi,Setiabudi,Jakarta Selatan,12930,(021) 5732241,(021) 5710240  / 5710249,customer.relation@rsjakarta.co,,11,9,,30,37,31,6,3,1,1,3,33,8,4,  ,  ,2,4,8,  ,  ,191
Metropolitan Medical Center,Rumah Sakit Umum,Jl. HR. Rasuna Said Kav. C-21 Kuningan,Karet Kuningan,Setiabudi,Jakarta Selatan,12940,(021) 5203435,(021) 5203417,mmc@rsmmc.co.id,www.rsmmc.co.id,24,42,,24,12,24,15,7,  ,  ,  ,  ,7,7,3,5,4,5,3,  ,  ,182
Medistra,Rumah Sakit Umum,Jl. Jenderal Gatot Subroto Kav. 59,Kuningan Timur,Setiabudi,Jakarta Selatan,12950,(021) 5210200,(021) 5210184,customercare@medistra.com,,,,,,,,,,,,,,,,,,,,,,,0
Agung,Rumah Sakit Umum,Jalan  Sultan Agung  Nomor 67,Pasar Manggis,Setiabudi,Jakarta Selatan,12970,(021) 18295971-18294955,(021) 8305791,jakarta.rsa@gmail.com,,2,3,5,16,9,23,  ,2,  ,  ,  ,  ,3,2,  ,2,2,  ,8,  ,  ,77
RUMAH SAKIT KHUSUS SWASTA,  JAKARTA SELATAN,,,,,,,,,,,32,130,15,94,102,167,84,10,2,11,16,    ,45,14,18,20,18,7,12,16,813
Brawijaya,Rumah Sakit Khusus Ibu dan Anak,Jl. Taman Brawijaya No. 1,Cipete Utara,Kebayoran Baru,Jakarta Selatan,12140,(021) 7211337,(021) 7211364,dwita.rakhmasari@brawijayahospital.com ,,,,,,,,,,,,,,,,,,,,,,,0
Asih,Rumah Sakit Khusus Ibu dan Anak,Jalan  Panglima Polim I  Nomor 34,Melawai ,Kebayoran Baru,Jakarta Selatan,12160,(021) 2700610,(021) 7254054,rsia.asih@gmail.com,www.raiaasih.co.id,2,8,,6,3,4,10,1,  ,1,4,  ,3,2,4,1,2,  ,3,  ,  ,54
Dharmawangsa ,Rumah Sakit Khusus Jiwa,Jl. Dharmawangsa Raya No. 13  Blok P II,Pulo,Kebayoran Baru,Jakarta Selatan,12160,(021) 7394484,(021) 7394162,sanatorium@dharmawangsa.org,www.dharmawangsa.org,5,6,8,2,8,15,  ,  ,  ,  ,  ,  ,1,  ,  ,  ,  ,  ,  ,  ,  ,45
Ciranjang,Rumah Sakit Khusus Telinga Hidung Tenggorokan,Jalan  Ciranjang  Nomor 20-22,Rawa Barat,Kebayoran Baru,Jakarta Selatan,12180,(021) 7243366 / 7208192,(021) 7264038 - 7398837,tht_ciranjang@yahoo.com,rsciranjang.com,2,4,,4,4,6,  ,  ,  ,  ,  ,  ,2,  ,  ,  ,  ,  ,  ,  ,  ,22
Panti Nugraha,Rumah Sakit Khusus Ibu dan Anak,Jalan  Senayan  Nomor 26,Rawa Barat,Kebayoran Baru,Jakarta Selatan,12180,(021) 7221171-7223939,(021) 7221171-7223939,rumahsakit.pantinugroho@gmail.com,,,3,,12,18,30,  ,  ,  ,  ,  ,  ,  ,  ,  ,,,  ,,12,,75
Avisena,Rumah Sakit Khusus Ibu dan Anak,Jalan  H. Rohimin  Nomor 30,Ulujami,Pesanggrahan,Jakarta Selatan,12250,(021) 5853916,(021) 5871802,avisena.rsia@gmail.com,,1,2,,4,4,12,14,  ,  ,  ,1,  ,3,2,  ,  ,4,  ,  ,  ,  ,47
FKG Universitas Prof. DR. Moestopo (B),Rumah Sakit Khusus Gigi & Mulut,Jalan  Bintaro Permai Raya  Nomor 3,Bintaro,Pesanggrahan,Jakarta Selatan,12330,(021) 73885251 / 73885254,(021) 73885251 / 73885253,fkg@moestopo.ac.id,,,,,,,,,,,,,,,,,,,,,,,0
Nusantara,Rumah Sakit Khusus Mata,Jalan  Kartini  Nomor 99  RT.004 / RW.01,Lebak Bulus,Cilandak,Jakarta Selatan,12440,(021) 7516688,(021) 75816588,kmn-jaksel@klinikmatanusantara.com,www.klinikmatanusantara.com,,,,,,  ,  ,  ,  ,  ,  ,  ,  ,  ,  ,  ,  ,  ,  ,  ,  ,0
Kemang,Rumah Sakit Khusus Ibu dan Anak,Jalan  Ampera Raya  Nomor 34,Ragunan,Pasar Minggu,Jakarta Selatan,12550,(021) 27545454 / 27545400,(021) 78843548,hri.isw@gmail.com,www.kemangmedicalcare.com,5,10,7,4,8,8,4,1,  ,5,  ,  ,4,  ,  ,3,2,  ,,  ,4,65
Sofa Marwa  (Tidak Operasional),Rumah Sakit Khusus Ibu dan Anak,Jalan Bina Warga (MAN 7) RT.009/RW.07,,,,,,,,,,,,,,,,,,,,,,,,,,,,,,0
Duren Tiga,Rumah Sakit Khusus Ibu dan Anak,Jalan  Duren Tiga Raya  Nomor 5,Pancoran,Pancoran,Jakarta Selatan,12780,(021) 7993817 / 7948696 / 7976605,(021) 7901050,sekretariat@rsiadurentiga.com ,,,,,,,,,,,,,,,,,,,,,,,0
AINI Prof. DR. Isak Salim,Rumah Sakit Khusus Mata,Jl.Rumah Sakit Mata AINI HR.Rasuna Said,,,,,,,,,,,,,,,,,,,,,,,,,,,,,,0
MRCCC Siloam Semanggi,Rumah Sakit Khusus Kanker,Jl. Garnisun Kav. 2 - 3,Karet Semanggi,Setiabudi,Jakarta Selatan,12930,(021) 29962888,(021) 29962778,customer.caremrccc@siloamhospitals.com,www.siloamhospitals.com,7,45,,37,31,36,3,7,  ,1,4,  ,15,5,11,3,2,7,  ,4,  ,218
Budhi Jaya,Rumah Sakit Khusus Ibu dan Anak,Jl. Dr. Saharjo No. 120,Menteng Atas,Setiabudi,Jakarta Selatan,12960,(021) 8311722-8312378,(021) 8301901,rsia@budhijaya.co.id,,,11,,6,9,11,5,  ,  ,  ,1,  ,5,1,  ,2,3,  ,3,  ,  ,57
Halimun,Rumah Sakit Khusus Bedah,Jalan  Halimun  Nomor 9  RT.003 / RW.01,Guntur,Setiabudi,Jakarta Selatan,12980,(021) 8311361,(021) 83700880,info@halimun-medical.com,www.halimun-medical.com,,2,,5,2,4,  ,  ,  ,  ,2,  ,2,  ,2,1,  ,  ,  ,  ,  ,20
Columbia Asia Pulomas,Rumah Sakit Umum,Jalan  Kayu Putih Raya  Nomor 1  RT.003 / RW.016,Kayu Putih,Pulogadung,Jakarta Timur,13210,(021) 47883199,(021) 29559477,customercare.pulomas@colombiaasia.com,www.rsadmira.com,,2,8,,32,56,8,3,6,2,2,3,8,6,2,4,3,4,  ,  ,  ,149
Omni Pulomas,Rumah Sakit Umum,Jl. Pulomas Barat VI No.20,Kayu Putih,Pulogadung,Jakarta Timur,13210,(021) 4723332-4722719,(021) 4718081,normariati70@yahoo.com,www.omni-hospitals.com,2,7,40,18,28,30,2,4,  ,  ,2,  ,9,2,  ,  ,  ,12,  ,  ,  ,156
Kartika Pulomas ,Rumah Sakit Umum,Jalan  Pulomas Timur K. Nomor 2,Kayu Putih,Pulogadung,Jakarta Timur,13210,(021) 4723402 - 4703333,(021) 4723402,rskartika1@gmail.com,www.rskartikapulomas.com,1,3,,15,18,27,  ,2,  ,  ,  ,  ,4,2,2,3,2,12,3,  ,  ,94
Dharma Nugraha,Rumah Sakit Umum,Jalan  Balai Pustaka Baru  Nomor 19,Rawamangun,Pulogadung,Jakarta Timur,13220,(021) 4707433-4707437,(021) 4707428,dharmanugraha@yahoo.com,,3,12,2,18,31,18,  ,5,  ,  ,  ,  ,  ,  ,  ,  ,  ,  ,6,  ,  ,95
Mediros,Rumah Sakit Umum,Jl. Perintis Kemerdekaan Kav. 149,Pulogadung,Pulogadung,Jakarta Timur,13260,(021) 4721336 - 37,(021) 4891937 / 4891937,lumentagrace@yahoo.com,,,,,,,,,,,,,,,,,,,,,,,0
Premier Jatinegara,Rumah Sakit Umum,Jl. Raya Jatinegara Timur No. 85 - 87,Rawa Bunga,Jatinegara,Jakarta Timur,13310,(021) 2800666 / 2800777 / 2800888,(021) 2800755,rspremier.jatinegara@ramsayhealth.co.id,www.ramsayhealth.co.id,2,44,,32,63,61,10,6,  ,4,  ,5,8,2,  ,,,  ,,  ,,237
Hermina Jatinegara,Rumah Sakit Umum,Jalan  Jatinegara Barat  Nomor 126 ,Kampung Melayu,Jatinegara,Jakarta Timur,13310,(021) 8191223 / 8504371,(021) 8560601 / 8190111 / 8196157,jatinegara@herminahospitalgroup.com,www.rsiahermina.co.id,21,13,,34,30,37,18,4,5,5,  ,  ,10,1,  ,2,4,  ,  ,  ,4,188
Yadika Pondok Bambu,Rumah Sakit Umum,Jl. Pahlawan Revolusi No. 47,Pondok Bambu,Duren Sawit,Jakarta Timur,13430,(021) 8615754-8610756,(021) 8631708,rsyadika@yahoo.co.id,,4,9,,14,19,19,10,3,  ,  ,  ,  ,5,2,  ,2,3,  ,  ,  ,  ,90
dr. Euis,Rumah Sakit Umum,Jl. H. Naman No. 3,Pondok Kelapa,Duren Sawit,Jakarta Timur,13450,,,,,1,4,,9,9,18,  ,6,  ,3,  ,  ,3,6,  ,2,6,6,11,  ,5,89
Sayyidah,Rumah Sakit Umum,Jalan  Taman Malaka Selatan  Nomor 6,Pondok Kelapa,Duren Sawit,Jakarta Timur,13450,(021) 86902950 / 8655179,(021) 8649886,sayyidah_rsia@yahoo.com,www.rsiasayyidah.moonfruit.com,,2,,3,6,8,7,  ,  ,  ,1,  ,4,1,  ,  ,2,  ,  ,  ,  ,34
Islam Jakarta Pondok Kopi,Rumah Sakit Umum,Jl. Raya Pondok Kopi,Pondok Kopi,Duren Sawit,Jakarta Timur,13460,(021) 8610471  / 8630654,(021) 8611101,aliyus_k@yahoo.com,,,,,,,,,,,,,,,,,,,,,,,0
Restu Kasih,Rumah Sakit Umum,Jalan Raya Bogor  Km. 19  Nomor 3 A,Kramat Jati,Kramat Jati,Jakarta Timur,13510,(021) 8001177,(021) 80882753,rsia_restu@yahoo.com,kasih-group.com,,7,,10,17,30,20,2,  ,  ,  ,  ,4,  ,  ,3,5,  ,7,  ,  ,105
Al-Fauzan,Rumah Sakit Umum,Jalan  Pedati Nomor 3  RT.005 / RW.07,Kp. Tengah,Kramat Jati,Jakarta Timur,13540,(021) 8402821,(021) 87710318,jakartaislamichospital@yahoo.com,www.jih.co.id,,1,,2,6,6,  ,  ,  ,  ,1,  ,3,1,1,1,3,  ,1,  ,3,29
Haji Jakarta,Rumah Sakit Umum,Jl. Raya Pondok Gede No. 4,Pinang Ranti,Makasar,Jakarta Timur,13560,(021) 8000693-695,(021) 80876209 / 8000702,rshaji@pdpersi.co.id ,,,,,,,,,,,,,,,,,,,,,,,0
Harum Sisma Medika,Rumah Sakit Umum,Jl. Inspeksi Tarum Barat - Kalimalang,Cipinang Melayu,Makasar,Jakarta Timur,13620,(021) 8617212-13,(021) 8601030,erwintyrana@sismamedika.com,,,,,,,,,,,,,,,,,,,,,,,0
Universitas Kristen Indonesia,Rumah Sakit Umum,Jl. Mayjen Sutoyo No. 2,Cawang,Kramat Jati,Jakarta Timur,13630,(021) 8092317 / 8092831 / 8010523,(021) 8092445,rsuuki@yahoo.co.id,,1,8,,32,43,56,  ,8,2,  ,  ,  ,15,  ,  ,2,  ,14,  ,  ,  ,181
Harapan Bunda,Rumah Sakit Umum,Jl. Raya Bogor KM. 22 No. 44,Rambutan,Ciracas,Jakarta Timur,13830,(021) 8400257,(021) 87781247,sekretariat@rsharapanbu.com,,7,13,18,32,30,24,7,5,2,2,6,5,19,7,  ,2,3,26,22,  ,  ,230
Harapan Jayakarta ,Rumah Sakit Umum,Jalan  Bekasi Timur Raya  Nomor 6  KM.18,Pulogadung,Cakung,Jakarta Timur,13930,(021) 4608886 / 4603916 / 46821726,(021) 4608863,harapan.jayakarta@gmail.com,,,1,,6,13,39,2,1,  ,  ,1,  ,8,3,  ,2,1,10,  ,  ,  ,87
Rawamangun,Rumah Sakit Khusus Bedah,Jl. Balai Pustaka Raya No. 29-31,Rawamangun,Pulogadung,Jakarta Timur,13014,(021) 4893531,(021) 4710918,hrd.rsrawamangun@gmail.com,,,2,,7,3,21,2,  ,  ,  ,2,  ,2,2,  ,2,2,10,3,  ,  ,58
Jantung Jakarta,Rumah Sakit Khusus Jantung,Jl. Matraman Raya No.23,Palmeriam,Matraman,Jakarta Timur,13140,(021) 29360698,(021) 29360697,rsjantungjakarta@gmail.com,www.rsjantungjakarta.com,3,15,,14,7,6,  ,4,  ,  ,  ,9,9,  ,  ,  ,  ,  ,  ,  ,  ,67
SMEC,Rumah Sakit Khusus Mata,Jalan  Pemuda  Nomor 36  RT.005 / RW.03,Rawamangun,Pulogadung,Jakarta Timur,13220,(021) 021 - 4714848,(021) 4755703,jakarta@rsmatasmec.com,www.rsmatasmec.com,,,,1,2,3,  ,  ,  ,  ,  ,  ,1,  ,  ,1,  ,  ,  ,  ,  ,8
Alvernia Agusta,Rumah Sakit Khusus Ibu dan Anak,Jalan  Pemuda Nomor 80  RT.001 / RW.08,Jati,Pulogadung,Jakarta Timur,13220,(021) 4705266 - 4720893,(021) 4705266,alvernia.agusta.yahoo.co.id,,,,,5,4,8,  ,  ,  ,  ,1,  ,2,  ,2,1,3,  ,2,  ,,28
Bunda Aliyah,Rumah Sakit Khusus Ibu dan Anak,Jalan  Pahlawan Revolusi  Nomor 100,Pondok Bambu,Duren Sawit,Jakarta Timur,13430,(021) 86602525,(021) 86600712 / 86600940,yanuarjak@yahoo.co.id,,,,,,,,,,,,,,,,,,,,,,,0
SamMarie Basra,Rumah Sakit Khusus Ibu dan Anak,Jalan  Basuki Rachmat  Nomor 31,Pondok Bambu,Duren Sawit,Jakarta Timur,13430,(021) 86613145 / 86613146,(021) 86613147,contact.sambasra@gmail.com,www.sammariebasra-hospital.com,1,2,,2,4,6,8,  ,2,2,2,  ,3,  ,  ,,,  ,,  ,2,34
Islam Klender Jakarta,Rumah Sakit Khusus Jiwa,Jl. Bunga Rampai X - Perumnas Klender,Malaka Jaya,Duren Sawit,Jakarta Timur,13460,(021) 86602402-8622491,(021) 86610234,rsjiwaislam@yahoo.co.id,www.rsjiwaislam.com,,2,,8,8,32,  ,  ,  ,  ,  ,  ,2,3,  ,,,  ,,  ,,55
Asta Nugraha,Rumah Sakit Khusus Bersalin,JL. Duren Sawit Raya Blok K.3 No.1,Klender,Duren Sawit,Jakarta Timur,13470,(021) 8615937,,,,,,,2,2,2,  ,  ,  ,  ,4,  ,4,1,  ,,,  ,,  ,,15
El Shama  (Tidak Operasional),Rumah Sakit Khusus Bersalin,Jl. Raya Bogor  Km.20 No.1,Kp. Tengah,Kramat Jati,Jakarta Timur,13510,(021) 33777772 / 99777772 / 99777773,,rsb_elshama@yahoo.com,,,,,,,27,6,  ,  ,  ,2,  ,3,  ,  ,,,  ,,  ,4,42
Bina Waluya,Rumah Sakit Khusus Jantung,Jl. TB Simatupang No. 71,Susukan,Ciracas,Jakarta Timur,13750,(021) 87781605 / 87781606,(021) 8403869 / 8404652,jimmyagung_27@ymail.com,,,,,,,,,,,,,,,,,,,,,,,0
Resti Mulya,Rumah Sakit Khusus Ibu dan Anak,Jl. Pahlawan Komarudin Raya No. 5,Penggilingan,Cakung,Jakarta Timur,13940,(021) 4802192,(021) 48701488,rsia_resti_mulya@ymail.com,,2,5,,6,5,9,8,  ,  ,  ,  ,  ,3,1,  ,1,4,  ,3,  ,  ,47
Dr. Cipto Mangunkusumo,Rumah Sakit Umum Pusat Nasional,Jl. Diponegoro No. 71,Kenari,Senen,Jakarta Pusat,10430,(021) 3918301,(021) 3148991,perencanaan.rscm@gmail.com,,,,,,,,,,,,,,,,,,,,,,,0
Fatmawati ,Rumah Sakit Umum Pusat,Jl. RS. Fatmawati,Cilandak Barat,Cilandak,Jakarta Selatan,12430,(021) 7660552 / 7501524,(021) 7690123 - 7504022,rsupf@fatmawatihospita.com,www.fatmawatihospital.com,9,37,7,78,127,298,44,23,10,5,79,23,57,38,10,34,  ,20,  ,  ,  ,899
Persahabatan ,Rumah Sakit Umum Pusat,Jl. Persahabatan Raya No.1,Pisangan Timur,Pulogadung,Jakarta Timur,13230,(021) 4891708-4890696,(021) 4711222 / 478608873,info@rsuppersahabatan.co.id,www.rsuppersahabatan.co.id,4,46,,84,56,230,46,12,4,4,2,6,25,6,  ,12,2,30,42,  ,12,623
Prof.Sulianti Saroso,Rumah Sakit Khusus Penyakit Infeksi,Jl. Sunter Permai Raya,Papanggo,Tanjung Priok,Jakarta Utara,14340,(021) 6506559-67,(021) 6401411,info@rspi-suliantisaroso.co.id,www.rspi-suliantisaroso.com,,2,,24,16,108,5,5,  ,  ,10,  ,10,13,  ,2,1,  ,1,  ,  ,197
Dharmais,Rumah Sakit Khusus Kanker,Jl. Letjen S. Parman Kav. 84-86,Kota Bambu Selatan,Pal Merah,Jakarta Barat,11420,(021) 5681570,(021) 5681579 / 5681579,elfira_zaenal@yahoo.com,,,,,,,,,,,,,,,,,,,,,,,0
Harapan Kita,Rumah Sakit Anak dan Bunda,Jl. Letjen S. Parman Kav. 87,,,,,,,,,,,,,,,,,,,,,,,,,,,,,,0
Harapan Kita ,Rumah Sakit Khusus Jantung dan Pembuluh Darah,Jl. Letjen S. Parman Kav. 87,Kota Bambu Utara,Pal Merah,Jakarta Barat,11420,(021) 5684085 - 5684993,(021) 5684130 / 5684230,info@pjnhk.go.id,www.pjnhk.go.id,8,16,,65,34,42,  ,14,18,  ,  ,18,14,1,10,  ,  ,4,  ,  ,  ,244
Dr.Soeharto Heerdjan,Rumah Sakit Khusus Jiwa,Jl. Prof. Dr. Latumeten No. 1,Jelambar,Grogol Petamburan,Jakarta Barat,11460,(021) 5682841- 42 - 43,(021) 5682842 - 5633316,keliek_marwanto@yahoo.co.id,www.rsjsh.com,,13,,26,31,171,  ,  ,59,  ,  ,  ,  ,20,  ,  ,  ,  ,  ,  ,  ,320
Pusat Otak Nasional,Rumah Sakit Khusus Otak,Jl. M.T. Haryono  Kavling 11,Cawang,Kramat Jati,Jakarta Timur,13630,,,rspotakn@gmail.com,,5,8,17,40,12,34,  ,10,  ,  ,8,  ,11,4,  ,2,  ,  ,  ,  ,  ,151
Ketergantungan Obat,Rumah Sakit Khusus Ketergantungan Obat,Jl. LapanganTembak No. 75,Cibubur,Ciracas,Jakarta Timur,13720,(021) 87711968 - 87711969,(021) 87711970,rskojakarta@gmail.com,www.rsko-jakarta.com,,12,,6,2,80,  ,  ,  ,  ,  ,  ,  ,  ,  ,  ,  ,  ,  ,  ,  ,100
DR. Mintohardjo,Rumah Sakit Umum TNI - Angkatan Laut,Jl. Bendungan Hilir No. 17,Bendungan Hilir,Tanah Abang,Jakarta Pusat,10210,(021) 5703081 - 85,(021) 5711997,rsalmintohardjo@ymail.com,www.rsaldrmintohardjo.com,6,9,,41,74,62,  ,6,  ,1,  ,5,10,19,  ,6,4,24,  ,  ,  ,267
Gatot Soebroto,Rumah Sakit Umum Pusat Angkatan Darat,Jl. Dr. Abdul Rachman Saleh 24,Senen,Senen,Jakarta Pusat,10410,(021) 3441008,(021) 3440693,rspadgatsu@pdpersi.co.id,,18,96,,156,114,115,16,32,4,4,128,  ,21,4,  ,16,6,  ,  ,  ,  ,730
Bhayangkara Sespimma Polri,Rumah Sakit Umum,Jalan  Ciputat Raya  Nomor 40,Pondok Pinang,Kebayoran Lama,Jakarta Selatan,12310,(021) 7650384  / 7666087  / 7692919,,rs.sespimma_polri@yahoo.co.id,,,,,,,,,,,,,,,,,,,,,,,0
Dr. Suyoto  Pusrehab Kemhan,Rumah Sakit Umum,Jl. R.C. Veteran No. 178,Bintaro,Pesanggrahan,Jakarta Selatan,12330,(021) 7342581,(021) 77884000 / 73425817,humasrsds@gmail.com ,,,,,,,,,,,,,,,,,,,,,,,0
Rumkital Marinir Cilandak,Rumah Sakit Umum,Jl. Raya Cilandak  KKO,Cilandak Timur,Pasar Minggu,Jakarta Selatan,12560,(021) 7805296 / 7805415,(021) 7812764,layanan@rsmarinir.com,,2,13,4,26,58,55,  ,  ,  ,  ,  ,  ,  ,30,  ,  ,  ,  ,  ,  ,  ,188
Dik Pusdikkes Kodiklat TNI AD,Rumah Sakit Umum,Jalan  Raya Bogor KM.19  RT.001 / RW.08,Kramat Jati,Kramat Jati,Jakarta Timur,13510,(021) 8092358 / 8003491,(021) 8092706 / 80883704,rs.dik.pusdikkes@gmail.com,www.pusdikkes.com,,4,,7,10,25,  ,  ,  ,  ,  ,  ,7,2,  ,2,10,6,17,7,1,98
Bhayangkara Tk.I  R. Said Sukanto,Rumah Sakit Umum,Jl. RS Polri,Kramat Jati,Kramat Jati,Jakarta Timur,13510,(021) 8093288,(021) 8094005,rs_polri@pdpersi.co.id,,,7,,9,36,113,200,12,  ,  ,9,  ,7,  ,  ,19,  ,5,12,  ,,429
Moh Ridwan Meuraksa,Rumah Sakit Umum Tk. II,Jl. Taman Mini I  RT.004 / RW.02,Pinang Ranti,Makasar,Jakarta Timur,13560,(021) 3150535  / 323094  / 22819465,(021) 3916888,tanjung_widia@yahoo.com,,,,,,,,,,,,,,,,,,,,,,,0
Pusat Angkatan Udara Dr. Esnawan Antariksa,Rumah Sakit Umum,Jl. Merpati No. 2,,,,,,,,,,,,,,,,,,,,,,,,,,,,,,0
Tingkat IV Cijantung Kesdam Jaya,Rumah Sakit Umum,Jl. Mahoni,,,,,,,,,,,,,,,,,,,,,,,,,,,,,,0
Ladokgi TNI-AL R.E. Martadinata,Rumah Sakit Khusus Gigi & Mulut,Jl. Farmasi No. 1,Bendungan Hilir,Tanah Abang,Jakarta Pusat,10210,(021) 5733026,(021) 5732701,pro.jakarta@inhealth.co.id,,,,,,,  ,  ,  ,  ,  ,  ,  ,1,  ,  ,4,  ,  ,  ,  ,  ,5
TNI - Angkatan Udara,Rumah Sakit Khusus Gigi & Mulut,Jl. Puntodewo  No.1,,,,,,,,,,,,,,,,,,,,,,,,,,,,,,0
Pengayoman Cipinang,Rumah Sakit Umum,Jalan  Raya Bekasi Timur  Nomor 170 B,Cipinang Besar Utara,Jatinegara,Jakarta Timur,13410,(021) 085210432196 / 85914558,(021) 85909644,rspengayoman.dki@gmail.com,,,,,8,,180,  ,  ,  ,  ,  ,  ,4,  ,  ,2,1,  ,1,  ,  ,196
Olahraga Nasional,Rumah Sakit Umum,Jalan  Jambore  Nomor 1,Cibubur,Ciracas,Jakarta Timur,13720,(021) 87753977,,rsolahragacibubur@gmail.com,,1,2,,9,12,20,1,  ,  ,  ,4,  ,6,1,  ,2,3,  ,1,  ,  ,62
Pertamina Jaya,Rumah Sakit Umum,Jl. Achmad Yani No. 2,,,,,,,,,,,,,,,,,,,,,,,,,,,,,,0
Pekerja,Rumah Sakit Umum,Jalan  Raya Cakung Cilincing,,,,,,,,,,,,,,,,,,,,,,,,,,,,,,0
Pelabuhan Jakarta,Rumah Sakit Umum,Jl. Kramat Jaya,,,,,,,,,,,,,,,,,,,,,,,,,,,,,,0
Pelni,Rumah Sakit Umum,Jl. Aipda K.S. Tubun No. 92-94,Slipi,Pal Merah,Jakarta Barat,11410,(021) 5480608 / 5306901,(021) 5483145,rspelni@yahoo.com,,,,,,,,,,,,,,,,,,,,,,,0
Pusat Pertamina ,Rumah Sakit Umum,Jl. Kyai Maja No. 43,Gunung,Kebayoran Baru,Jakarta Selatan,12120,(021) 7219202-7200290,(021) 7209811 / 7203540,humasrspp@pertamedika.co.id,www.rspp.co.id,40,92,60,60,24,45,10,8,3,1,8,22,15,3,  ,6,3,23,  ,  ,  ,423
Aneka Tambang Medika (Antam Medika),Rumah Sakit Umum,Jl. Pemuda Raya No. 1A RT.002 / RW.07,Jatinegara Kaum,Pulogadung,Jakarta Timur,13210,(021) 29378939 / 29378943,(021) 29378960,rumahsakit@antammedika.co.id,www.antammedika.co.id,4,8,,12,45,24,  ,7,  ,4,  ,  ,10,6,  ,,,  ,,  ,,120
Tarakan,Rumah Sakit Umum Daerah,Jl. Kyai Caringin No. 7,Cideng,Gambir,Jakarta Pusat,10150,(021) 3503150 / 3503003 / 3508993,(021) 3503412 /  3863309,rsd_tarakan@yahoo.com,,,,,,,,,,,,,,,,,,,,,,,0
Koja,Rumah Sakit Umum Daerah,Jl. Deli No. 4  Tanjung Priok,Koja,Koja,Jakarta Utara,14220,(021) 43938478,(021) 4352401 - 4372273,RSUDKOJA@ymail.com ,,,,,,,,,,,,,,,,,,,,,,,0
Cengkareng,Rumah Sakit Umum Daerah,Jl. Kamal Raya,,,,,,,,,,,,,,,,,,,,,,,,,,,,,,0
Pasar Minggu,Rumah Sakit Umum Daerah,Jalan  T.B Simatupang  Nomor 1  RT.001 / RW.005,Ragunan,Pasar Minggu,Jakarta Selatan,12550,(021) 021 7808034,,rsud.pasarminggu@yahoo.com,www.rsudpasarminggu@yahoo.com,13,6,,44,60,286,11,37,7,12,8,7,33,8,  ,6,13,15,56,  ,  ,622
Budhi Asih ,Rumah Sakit Umum Daerah,Jl. Dewi Sartika  Cawang III  No. 200,Cawang,Kramat Jati,Jakarta Timur,13630,(021) 8090282 / 8092482,(021) 8009157-8007348,rsudbudhiasih200@gmail.com ,,,,,,,,,,,,,,,,,,,,,,,0
Pasar Rebo,Rumah Sakit Umum Daerah,Jalan  Letjen T.B. Simatupang  Nomor 30,Gedong,Pasar Rebo,Jakarta Timur,13760,(021) 8401127/ 8400109,(021) 8411159,rsudpasarrebo@yahoo.com,www.rsudpasarrebo.com,1,2,,44,43,181,9,6,7,22,7,6,24,9,  ,7,7,18,35,6,  ,434
Adhyaksa,Rumah Sakit Umum Daerah,Jalan  Hankam Raya  Nomor 60,Ceger,Cipayung,Jakarta Timur,13820,,(021) 29462370,adhyaksarsu@gmail.com,www.rsuadhyaksa.com,,1,,11,17,24,8,1,  ,  ,3,  ,8,7,  ,2,6,6,16,16,  ,126
Duren Sawit,Rumah Sakit Khusus Jiwa,Jl. Duren Sawit Baru No. 2,Duren Sawit,Duren Sawit,Jakarta Timur,13440,(021) 8628686 / 8617601,(021) 8628659,rskddurensawit@gmail.com,www.rsdurensawit.go.id,,,,8,10,132,  ,  ,  ,  ,6,  ,8,  ,  ,  ,  ,  ,  ,30,  ,194
Kepulauan Seribu,Rumah Sakit Umum Daerah,Pulau Pramuka,Pulau Panggang,Kepulauan Seribu Utara,Kepulauan Seribu,14510,,(021) 33312388 / 37175900,rsukepulauanseribu@yahoo.co.id,,,,,,,10,  ,  ,  ,  ,  ,  ,1,  ,1,,,  ,,  ,2,14
Tanah Abang,Rumah Sakit Umum Daerah,Jalan K.H. Mas Mansyur  Nomor 30,Kebon Kacang,Tanah Abang,Jakarta Pusat,10210,(021) 3150427  / 31902143,(021) 31902143,rsutnabang@gmail.com,rsudtanahabang.co.id,,,,,,26,  ,  ,  ,  ,1,  ,3,2,  ,  ,2,  ,7,  ,  ,41
Cempaka Putih,Rumah Sakit Umum Daerah,Jalan  Rawasari Selatan  Nomor 1,Cempaka Putih Timur,Cempaka Putih,Jakarta Pusat,10510,(021) 4219548 / 42801341,(021) 4224243,rsucempakaputih@gmail.com,,,,,,,29,3,  ,  ,  ,1,  ,5,1,  ,1,3,  ,10,  ,  ,53
Johar Baru,Rumah Sakit Umum Daerah,Jalan  Tanah Tinggi XII,Tanah Tinggi,Johar Baru,Jakarta Pusat,10540,(021) 4246359,(021) 4224041,rsujoharbaru@gmail.com,,,,,,,30,3,  ,  ,  ,2,  ,3,3,  ,1,3,  ,  ,  ,  ,45
Kemayoran,Rumah Sakit Umum Daerah,Jalan  Serdang Baru I,Serdang,Kemayoran,Jakarta Pusat,10650,(021) 4801847,(021) 4801846,rsukemayoran@gmail.com,rsukemayoran.jakarta.go.id,,,,,,48,4,  ,  ,  ,2,  ,5,1,  ,1,7,  ,21,  ,  ,89
Sawah Besar,Rumah Sakit Umum Daerah,Jalan  Dwiwarna Raya  Nomor 6-8,Karang Anyar,Sawah Besar,Jakarta Pusat,10740,(021) 6289080 / 4224041,(021) 4224041,eduardthomasp@gmail.com,,,,,,,,,,,,,,,,,,,,,,,0
Cilincing,Rumah Sakit Umum Daerah,Jalan  Madya Kebantenan  Nomor 4,Semper Timur,Cilincing,Jakarta Utara,14130,(021) 4412889 / 4416367,(021) 4412889 / 4416367,rsukcilincing@gmail.com,,,,,,,14,3,  ,  ,  ,1,  ,6,  ,  ,1,5,  ,8,  ,  ,38
Tugu Koja,Rumah Sakit Umum Daerah,Jalan  Walang Permai  Nomor 39,Tugu Utara,Koja,Jakarta Utara,14260,(021) 43905651/ 4358809,(021) 4367168,rsukeckoja@yahoo.com,www.rsudtugukoja.com,,,,,,19,4,  ,  ,  ,1,  ,6,1,  ,1,5,  ,8,  ,  ,45
Tanjung Priok,Rumah Sakit Umum Daerah,Jalan  Bugis  Nomor 3,Kebon Bawang,Tanjung Priok,Jakarta Utara,14310,,,mr_rsudtjpriok@yahoo.com,,,,,,,40,  ,  ,  ,  ,  ,  ,  ,  ,  ,  ,  ,  ,  ,  ,  ,40
Pademangan,Rumah Sakit Umum Daerah,Jalan Budi Mulia Raya Nomor 2 RT.0015/RW.011,Pademangan Barat,Pademangan,Jakarta Utara,14420,,,rsupademangan@gmail.com,,,,,,,20,2,  ,  ,  ,2,  ,5,2,  ,1,7,  ,13,  ,  ,52
Tamansari,Rumah Sakit Umum Daerah,Jalan Madu  Nomor 10 RT.002 / RW.03,Mangga Besar,Tamansari,Jakarta Barat,11150,(021) 629775/6297752,,rsuktamansari@gmail.com,,,,,,,24,  ,  ,  ,  ,  ,  ,5,5,  ,  ,6,  ,15,  ,  ,55
Kembangan,Rumah Sakit Umum Daerah,Jalan  Topaz Blok F-2  Nomor 3,Meruya Ilir,Kembangan,Jakarta Barat,11620,(021) 5870834,(021) 5870834,pkm_kembangan@yahoo.com ,,,,,,,,,,,,,,,,,,,,,,,0
Kalideres,Rumah Sakit Umum Daerah,Jalan  Satu Maret  Nomor 48  RT.001 / RW.04,Pegadungan,Kalideres,Jakarta Barat,11830,(021) 22526519/ 22552766,(021) 54390576,rskalideres@gmail.com,www.rsukalideres.com,,,,,,20,2,  ,  ,  ,4,  ,8,2,  ,1,8,  ,  ,  ,  ,45
Kebayoran Baru,Rumah Sakit Umum Daerah,Jalan H. Abdul Majid  Nomor 1 RT.002/RW.05,Cipete Utara,Kebayoran Baru,Jakarta Selatan,12150,(021) 08999554177  / 22774429  / 22774461,(021) 22774464  / 22774429,rsudkebayoranbaru@gmail.com,,,,,,,36,1,  ,  ,  ,1,  ,4,1,  ,1,2,  ,  ,  ,  ,46
Kebayoran Lama,Rumah Sakit Umum Daerah,Jalan  Jetayu  RT.001 / RW.012,Kebayoran Lama Selatan,Kebayoran Lama,Jakarta Selatan,12240,(021) 7245439,,,,,,,,,35,  ,  ,  ,  ,2,  ,5,2,  ,1,7,  ,  ,  ,  ,52
Pesanggrahan,Rumah Sakit Umum Daerah,Jalan  Cenek 1  Nomor 1,Pesanggrahan,Pesanggrahan,Jakarta Selatan,12320,(021) 7356087,,rsupesanggrahan@gmail.com,,,,,,,39,  ,  ,  ,  ,2,  ,  ,  ,  ,  ,  ,  ,  ,  ,  ,41
Jatipadang,Rumah Sakit Umum Daerah,Jalan  Raya Ragunan  Nomor 16-17,Jatipadang,Pasar Minggu,Jakarta Selatan,12540,(021) 22784448,(021) 22784446,rsudjatipadang@gmail.com,www.rsudjatipadang.jakarta.go.id ,,,,,,,,,,,,,,,,,,,,,,0
Jagakarsa,Rumah Sakit Umum Daerah,Jalan  Mohamad Kahfi 1  Nomor 27 A,Jagakarsa,Jagakarsa,Jakarta Selatan,12620,(021) 7864707 - 78882455,(021) 22708072,rsukecjagakarsa@gmail.com,rsudjagakarsa.jakarta.go.id,,,,,,17,3,  ,  ,  ,3,  ,4,1,  ,1,3,  ,8,  ,  ,40
Mampang Prapatan,Rumah Sakit Umum Daerah,Jalan  Kapten P. Tendean  Nomor 9,Mampang Prapatan,Mampang Prapatan,Jakarta Selatan,12790,(021) 79192187,,rsudmampangprapatan@gmail.com,,,,,,,29,2,  ,  ,  ,2,  ,3,  ,  ,1,2,  ,  ,  ,6,45
Tebet,Rumah Sakit Umum Daerah,Jalan  Prof. Supomo,,,,,,,,,,,,,,,,,,,,,,,,,,,,,,0
Matraman,Rumah Sakit Umum Daerah,Jalan Kebon Kelapa Raya  Nomor 29 B,Matraman,Matraman,Jakarta Timur,13120,(021) 8581957  / 85909055,(021) 85909055,rsukmatraman@gmail.com,,,,,,,16,3,  ,  ,  ,3,  ,4,2,  ,2,5,  ,  ,  ,  ,35
Kramat Jati,Rumah Sakit Umum Daerah,Jalan  Raya Inpres  Nomor 48,Kampung Tengah,Kramat Jati,Jakarta Timur,13540,(021) 87791152 / 87793604,(021) 87793604,rsukramatjati@gmail.com,,,,,,,26,4,  ,  ,  ,  ,  ,6,  ,  ,  ,2,  ,  ,  ,  ,38
Ciracas,Rumah Sakit Umum Daerah,Jalan  Raya Lapangan Tembak,Cibubur I,Ciracas,Jakarta Timur,13720,(021) 87711249 / 8711189,(021) 8718995,rsuciracas@gmail.com,rsuciracas.jakarta.go.id,,,,,,18,  ,  ,  ,  ,3,  ,3,1,  ,1,5,  ,8,  ,  ,39
Cipayung,Rumah Sakit Umum Daerah,Jalan  Mini III   RT.004 / RW.03,Bambu Apus,Cipayung,Jakarta Timur,13890,,,rsudcipayung@gmail.com,,,,,,,33,  ,  ,  ,  ,2,  ,5,1,  ,1,9,  ,  ,  ,  ,51
